{
    "word_frequency": {
        "AI": 182,
        "Trae": 177,
        "工作": 128,
        "产品": 127,
        "运营": 127,
        "内容": 116,
        "实习": 105,
        "用户": 66,
        "数据": 65,
        "团队": 62,
        "Mentor": 59,
        "周报": 58,
        "活动": 58,
        "社群": 51,
        "知识库": 51,
        "熵": 47,
        "思考": 43,
        "负责": 41,
        "编程": 39,
        "文档": 37,
        "反馈": 37,
        "变化": 36,
        "信息": 35,
        "恐惧": 34,
        "动作": 33,
        "直播": 30,
        "案例": 30,
        "社媒": 28,
        "调研": 28,
        "同学": 27,
        "学习": 27,
        "成果": 27,
        "⻨哥": 27,
        "发货": 27,
        "视频": 27,
        "字节": 26,
        "⻓": 26,
        "进": 26,
        "发出": 26,
        "想法": 25,
        "感受": 25,
        "GitHub": 25,
        "解决": 25,
        "时间": 24,
        "发布": 24,
        "舆情": 24
    },
    "word_count": {
        "周1": 1982,
        "周2": 3748,
        "周3": 2126,
        "周4": 2810,
        "周5": 2553,
        "周6": 2511,
        "周7": 2301,
        "周8": 2386,
        "周9": 3474,
        "周10": 2721,
        "周11": 3276,
        "周12": 4697,
        "周13": 2970,
        "周14": 2621,
        "周15": 2671,
        "周16": 3680
    },
    "sentiment": {
        "周1": 0.721756646801526,
        "周2": 0.6513034397013348,
        "周3": 0.6600439499395233,
        "周4": 0.6400944514732708,
        "周5": 0.6200757259247053,
        "周6": 0.7022088040899963,
        "周7": 0.6047723611347406,
        "周8": 0.6366255760817464,
        "周9": 0.6602168736822828,
        "周10": 0.6296270130015688,
        "周11": 0.702993954653349,
        "周12": 0.7957701592346977,
        "周13": 0.631624367627417,
        "周14": 0.6471684093144385,
        "周15": 0.5948817981747356,
        "周16": 0.662624162515626
    },
    "sentiment_ratio": {
        "积极": 0.52,
        "消极": 0.35,
        "中性": 0.13
    }
}